0,1,2,3
POSITION,EMPLOYER,POSTED,DEADLINE
Специалист по продаже финансовых услуг (new),Invest AZ QSC,2019-01-12,2019-02-11
Programmer (new),IT/Telecom Company,2019-01-11,2019-01-31
Maliyyə mütəxəssisi (new),Sirab ASC,2019-01-11,2019-02-10
Sürücü (new),My Broker Customs Representation,2019-01-11,2019-02-10
Satış nümayəndəsi (Soyuq satış) (new),Nurgun Holding,2019-01-11,2019-02-10
"Korporativ sığorta şöbəsi, assistent (new)",PASHA Life,2019-01-11,2019-02-10
Modernization of Barda Vocational Lyceum (new),Yerli İdarəetməyə Yardım İctimai Birliyi,2019-01-11,2019-02-10
Partnyorların cəlb edilməsi və partnyorlarla iş üzrə mütəxəssis (new),Nikoil Bank,2019-01-11,2019-02-10
Elektrik (new),Company,2019-01-11,2019-02-10
Sosial media/IT mütəxəssis (new),Yerli İdarəetməyə Yardım İctimai Birliyi,2019-01-11,2019-02-10
Hüquqşünas (new),Dövlət Aqrar Ticarət Şirkəti,2019-01-11,2019-02-10
Mühasib (new),NOVCO Group of Companies,2019-01-11,2019-02-10
Senior Tax Consultant (new),KPMG Azerbaijan,2019-01-11,2019-02-10
Tax Consultant (new),KPMG Azerbaijan,2019-01-11,2019-02-10
Planlama üzrə mütəxəssis (new),Nurgun Holding,2019-01-11,2019-02-10
Mağaza müdiri (new),Nurgun Holding,2019-01-11,2019-02-10
Tibbi nümayəndə (new),Profderma,2019-01-11,2019-02-10
Avtomobil üzrə müştəri xidmətləri meneceri (new),Nurgun Holding,2019-01-11,2019-02-10
Elektrik Layihə mühəndisi (new),Bakelektro ASC,2019-01-11,2019-02-10
Avadanlıqlar üzrə təmirçi-çilingər (new),Metak,2019-01-11,2019-02-10
Satınalma meneceri (new),Nurgun Holding,2019-01-11,2019-02-10
Satış üzrə mütəxəssisi (new),DA şirkətlər qrupu,2019-01-11,2019-02-10
Təcrübəçi (new),Azərbaycan Nar İstehsalçıları və İxracatçıları Assosiasiyası,2019-01-11,2019-02-10
Maliyyə Analitiki (new),Technoil MMC,2019-01-11,2019-02-10
Procurement Specialist (new),Leading Supply Solutions MMC,2019-01-11,2019-02-10
Texniki xidmət qrupunun texniki (new),Komtec LTD,2019-01-11,2019-02-10
Texniki nəzarət üzrə mütəxəssis (new),Metak,2019-01-11,2019-02-10
Software developer (Backend) (new),CloudSoft Systems,2019-01-11,2019-02-10
Fındıq tingliyi üçün damla suvarma sisteminin qurulması məqsədi ilə (new),CNFA,2019-01-11,2019-02-10
Metalkonstruksiyalar üzrə quraşdırıcı çilingər (new),Metak,2019-01-11,2019-02-10
Врач - косметолог (new),Sahil Estetik,2019-01-11,2019-02-10
Alətçi-çilingər (new),Metak,2019-01-11,2019-02-10
Avtomobil üzrə satış məsləhətçisi (new),Nurgun Holding,2019-01-11,2019-02-10
Bazar araşdırması və məhsul planlaması üzrə mütəxəssis (new),Nurgun Holding,2019-01-11,2019-02-10
Брэнд Специалист (new),Carlsberg Azerbaijan,2019-01-11,2019-02-10
Satıcı – konsultant (KONTİNENTAL supermarketlər şəbəkəsi üzrə) (new),Nurgun Holding,2019-01-11,2019-02-10
Baş mühasib (new),Azplast 2012 LLC,2019-01-11,2019-02-10
Fandreyzinq mütəxəssisi (new),Yerli İdarəetməyə Yardım İctimai Birliyi,2019-01-11,2019-02-10
Business Development Manager in Oil Gas and Offshore Marine Industry (new),Fregat Marine LLC,2019-01-11,2019-02-10
Software developer (FrontEnd) (new),CloudSoft Systems,2019-01-11,2019-02-10
Mühasib (new),Zeytun Pharmaceuticals,2019-01-11,2019-02-10
Tax Manager (new),KPMG Azerbaijan,2019-01-11,2019-02-10
Marketing menecer (new),Khazar Travel,2019-01-11,2019-02-10
Satış mühəndisi (new),Bauger MMC,2019-01-11,2019-02-10
IT Security Pre-sale Engineer (new),Softline,2019-01-10,2019-02-09
Receptionist (new),Optimal Electronics LLC,2019-01-10,2019-02-09
İqtisadçı (new),Company,2019-01-10,2019-02-09
Müştəri xidmətləri-Resepşn (new),Rəvan Sığorta ASC,2019-01-10,2019-02-09
Quantitative Modeling Specialist (new),PASHA Holding,2019-01-10,2019-02-09
Satış nümayəndəsi (TS) (new),BME SH HILTI,2019-01-10,2019-02-09
Proqramçı (new),IDRAK Technology Transfer LLC,2019-01-10,2019-02-09
Anbardar (new),Agro Dairy,2019-01-10,2019-02-09
Satış üzrə məsləhətçi (new),Group Motors,2019-01-10,2019-02-09
İnsan Resursları üzrə mütəxəssis (new),Turkan Aqro MMC,2019-01-10,2019-02-09
Linux sistem administratoru (new),Goldenpay,2019-01-10,2019-02-09
Графический Дизайнер (new),VTB Bank,2019-01-10,2019-02-09
Taxıl kompleksinin supervayzeri (SİLO) (new),Agro Dairy,2019-01-10,2019-02-09
Logistics Administrator (new),Sinteks Group of Companies,2019-01-10,2019-02-09
Senior recruitment specialist (new),Sumgait Technologies Park LLC,2019-01-10,2019-02-09
Leading Software Developer/Team Lead (new),RSM Azerbaijan,2019-01-10,2019-02-09
Receptionist (new),AF Holding,2019-01-10,2019-02-09
"Satış üzrə agent (Ağsu, Horadiz, Kürdəmir, Saatlı, Sabirabad, Şamaxı, Şəmkir, Şirvan, Ucar) (new)",Xalq Sigorta,2019-01-10,2019-02-09
Медицинский Представитель (new),Фармацевтическая компания,2019-01-10,2019-02-09
Business consultant (new),RSM Azerbaijan,2019-01-10,2019-02-09
"Kredit Anderraytinqi Departamenti, Biznes Kreditlərinin Təhlili Şöbəsi, Mütəxəssis, Aparıcı mütəxəssis (new)",Kapital Bank,2019-01-10,2019-02-09
"Receptionist, Switch Board (new)",ADA University,2019-01-10,2019-02-09
"Administrator, Employer Relations & Outreach (new)",ADA University,2019-01-10,2019-02-09
Telesatış agenti (new),Digital Services Company,2019-01-10,2019-02-09
Servis üzrə məsləhətçi (new),Group Motors,2019-01-10,2019-02-09
"Specialist, International Student Affairs and Exchange (new)",ADA University,2019-01-10,2019-02-09
SMM Menecer (new),MH Travel,2019-01-10,2019-02-09
Receptionist (new),Azerconnect LLC,2019-01-10,2019-02-09
Receptionist/Administrative Assistant (new),BDO Azerbaijan LLC,2019-01-10,2019-02-09
Sales Electrical Engineer (new),Sumgait Technologies Park LLC,2019-01-10,2019-03-09
Director of Sales & Marketing (new),Excelsior Hotel & SPA Baku,2019-01-10,2019-02-09
Kuryer (new),"GFC MMC, Pizza Hut Restoran",2019-01-10,2019-02-09
Mühasib (new),Göygöl Spirt MMC,2019-01-10,2019-02-09
Mühəndis (new),Metak,2019-01-10,2019-02-09
Mühasib (new),AZ-TEX MMC,2019-01-10,2019-02-09
Продакт Менеджер (new),Фармацевтическая компания,2019-01-10,2019-02-09
1C Junior Software Developer and Support Specialst and 1C Senior Software Developer (new),RSM Azerbaijan,2019-01-10,2019-02-09
Учитель информатики (new),Algorithmics.Azerbaijan LLC,2019-01-10,2019-02-09
NDT Operator (Offshore) (new),Oil Company,2019-01-10,2019-01-31
Memar-dizayner (new),AF Holding,2019-01-10,2019-02-09
İnsan resursları üzrə müəxəssis (new),Xalq Həyat Sığorta,2019-01-10,2019-02-09
Kuryer (new),Varidat Consulting Company,2019-01-10,2019-02-09
Mexanik (new),Performance Center Co,2019-01-10,2019-02-09
Maliyyə üzrə analitik (new),Zeytun Pharmaceuticals MMC,2019-01-10,2019-02-09
Sales Manager (new),Excelsior Hotel & SPA Baku,2019-01-10,2019-02-09
Call Center Operator (new),Deniz Egece Layihəsi,2019-01-10,2019-02-09
Kredit mütəxəssisi (new),Birkart BOKT,2019-01-10,2019-02-09
Sales Executive (new),Hotel,2019-01-10,2019-02-09
Audit Assistant (new),Nexia Azerbaijan,2019-01-10,2019-02-09
Unit Head Financial Reporting & Budgeting (new),FINCA Azerbaijan LLC,2019-01-10,2019-02-09
Baş Mühasib (new),Agro-West DC LLC,2019-01-10,2019-02-09
Менеджер по продажам IT решений (new),Softline,2019-01-10,2019-02-09
Сотрудник ресепшн (сотрудник отдела обслуживания клиентов) (new),Коворкинг центр The Office,2019-01-10,2019-02-09
Metodist (new),Autolux Azerbaijan LLC,2019-01-10,2019-02-09
Менеджер по продажам (new),PilatesLife,2019-01-10,2019-02-09
Sales Manager (new),Prosys LLC,2019-01-10,2019-02-09
Mühasib (new),Fluidforce Engineering,2019-01-10,2019-02-09
İngilis və rus dili müəllimi (new),CELT Kids Sahil,2019-01-10,2019-02-09
Nəzarətçi (Dağ-mədən üzrə) (new),Premium Transport MMC,2019-01-09,2019-02-08
İnformasiya texnologiyaları üzrә әmәliyyatlar qrupunun rәhbәri (new),Azәrbaycan Respublikasının Әdliyyә Nazirliyi,2019-01-09,2019-01-26
Audit Senior (new),Nexia Azerbaijan,2019-01-09,2019-02-08
Satış meneceri (new),Fil Agency,2019-01-09,2019-02-08
Ассистент менеджера по работе с партнерами (new),Softprom by ERC,2019-01-09,2019-02-08
Mühasib (new),Big Store Greenhouse,2019-01-09,2019-02-08
Главный специалист/ Начальник Отдела рыночных рисков (new),Nikoil Bank,2019-01-09,2019-02-08
İnsan Resursları üzrə mütəxəssis (new),Premium Transport MMC,2019-01-09,2019-02-08
Satınalma üzrə menecer (new),Premium Transport MMC,2019-01-09,2019-02-08
Project Manager (new),Pronet Prospect ERP,2019-01-09,2019-02-08
Quru meyvə və giləmeyvələri doğrayan və qəlibə salan avadanlığın satınalınması məqsədi ilə tender (new),CNFA,2019-01-09,2019-02-08
Topdan satış üzrə mütəxəssis (new),ARÇELIK ticarət markasının rəsmi distribyutoru,2019-01-09,2019-02-08
Pərakəndə biznes məhsulların satışı departamentinin kiçik mütəxəssisi (new),Nikoil Bank,2019-01-09,2019-02-08
HR and Admin Specialist & HR and Admin Officer (new),Azerbaijan International Mining Company,2019-01-09,2019-02-08
Pərakəndə biznes məhsulların satışı departamentinin aparıcı mütəxəssisi/kiçik mütəxəssisi (new),Nikoil Bank,2019-01-09,2019-02-08
İnşaat mühəndisi (new),Hermes-S MMC,2019-01-09,2019-02-08
İngilis dili müəllimi (new),American Academy,2019-01-09,2019-02-08
Müştəri xidmətləri şöbəsinin aparıcı mütəxəssisi (new),Bank BTB,2019-01-09,2019-02-08
Marketing and Customer Analytics Manager (new),Sinteks Group of Companies,2019-01-09,2019-02-08
Sales Manager (FMCG) (new),Holding,2019-01-09,2019-01-31
Smetaçı mühəndis (new),Unico LLC,2019-01-09,2019-02-08
Satınalmalar üzrə mütəxəssis (new),Fayton LTD,2019-01-09,2019-02-08
Satış üzrə menecer (new),NewCond LLC,2019-01-09,2019-02-08
Rentgen kimyəvi analiz laborantı (new),Norm LLC,2019-01-09,2019-02-08
Chief Accountant (new),Paulaner Brauhaus Baku - Beer Art MMC,2019-01-09,2019-02-08
Political and Energy Advisor (new),Company,2019-01-09,2019-02-08
Çayçı (new),Premium Transport MMC,2019-01-09,2019-02-08
Mobil Programçı (React Native) (new),ITSolutions LLC,2019-01-09,2019-02-08
Satış üzrə qrup meneceri (new),Safir Boutique,2019-01-09,2019-02-08
Technical Officers (new),Azerbaijan Tourism Board,2019-01-09,2019-02-08
Андеррайтер/ Корпоративные кредиты (new),VTB Bank,2019-01-09,2019-02-08
HVAC üzrə mühəndis (new),ARÇELIK ticarət markasının rəsmi distribyutoru,2019-01-09,2019-02-08
Korporativ satış üzrə mütəxəssis (new),SoftLine Azerbaijan LLC,2019-01-09,2019-02-08
Ведущий PL/SQL разработчик (new),VTB Bank,2019-01-09,2019-02-08
Ofis menecer (new),NewCond LLC,2019-01-09,2019-02-08
Xəzinədar (Kassir) (new),International Bank of Azerbaijan Republic,2019-01-09,2019-02-08
Project Manager in Tourism (new),Company,2019-01-09,2019-02-08
Kondisionerlərin təmiri ustası (new),NewCond LLC,2019-01-09,2019-02-08
Əməliyyatlara nəzarət üzrə mütəxəssis/aparıcı/baş mütəxəssis (new),International Bank of Azerbaijan Republic,2019-01-09,2019-02-08
Office assistant (new),Blue Planet Distribution LLC,2019-01-09,2019-02-08
Proqramçı (new),Ateshgah Sigorta,2019-01-09,2019-02-08
Korporativ satış üzrə mütəxəssis (new),ARÇELIK ticarət markasının rəsmi distribyutoru,2019-01-09,2019-02-08
Специалист/Ведущий специалист по привлечению корпоратиных клиентов (new),VTB Bank,2019-01-09,2019-02-08
Finance & Administration Officer (new),Azerbaijan Tourism Board,2019-01-09,2019-02-08
Anbardar (new),Baku Electronics LTD,2019-01-09,2019-02-08
HR-специалист (new),Resant Group,2019-01-08,2019-02-07
СММ менеджер (new),ASBC LLC - Apple business partner in Azerbaijan,2019-01-08,2019-02-07
İngilis dili müəllimi (new),Celt Kids,2019-01-08,2019-02-07
Tibbi Nümayəndə (new),Repharma,2019-01-08,2019-02-07
Mechanic Foreman (Offshore) (new),Oil Company,2019-01-08,2019-01-31
Komputer mühəndisi (new),Developia Engineering Academy,2019-01-08,2019-02-07
IT специалист (new),Metak,2019-01-08,2019-02-07
İngilis dili müəllimi (new),Baku Education İnformation Center,2019-01-08,2019-02-07
İT layihələrin idarəedilməsi şöbəsinin mütəxəssisi (new),Ateshgah Sigorta,2019-01-08,2019-02-07
Biznes –analitik (mütəxəssis) (new),Ateshgah Sigorta,2019-01-08,2019-02-07
IT Specialist (new),PDL World,2019-01-08,2019-02-07
Accountant (new),Mauve MMC,2019-01-08,2019-02-07
SMM üzrə mütəxəssis ( marketinq üzrə mütəxəssis ) (new),Bakı Taksi Xidməti,2019-01-08,2019-02-07
Müdir sürücüsü (new),Company,2019-01-08,2019-02-07
Product manager (new),Repharma,2019-01-08,2019-02-07
Key Account Manager Azerbaijan (new),Nestle,2019-01-08,2019-02-07
İnformasiya təhlükəsizliyi üzrə inzibatçı (new),AccessBank,2019-01-08,2019-02-07
Dizayner (new),Bakı Taksi Xidməti,2019-01-08,2019-02-07
Procurement Specialist (new),Mətanət A,2019-01-08,2019-02-07
Əməyin mühafizəsi mütəxəssis/Aparıcı mütəxəssis/Baş mütəxəssis/Menecer (new),AccessBank,2019-01-08,2019-02-07
Инженер по автоматизации (new),R-Pharm MMC,2019-01-08,2019-02-07
İT Risklər üzrə Mütəxəssis (new),Unibank,2019-01-08,2019-02-07
Accountant Assistant (new),Caspian Entertainment Company LLC - Pasha Holding Groups,2019-01-08,2019-02-07
Logistika üzrə məmur (new),Norm LLC,2019-01-08,2019-02-07
Gəncə filialı üçün qəza komissarı (new),Rəvan Sığorta ASC,2019-01-08,2019-02-07
Gəncə filialı üçün satış təmsilçisi (new),Rəvan Sığorta ASC,2019-01-08,2019-02-07
Buyer (new),Oil Company,2019-01-08,2019-01-31
Promoter (new),Azerbaijan Travel International,2019-01-08,2019-02-07
Waiter (new),Excelsior Hotel & SPA Baku,2019-01-08,2019-02-07
Baş mühasib (new),BSC Consulting & Outsourcing Company,2019-01-08,2019-02-07
Korporativ Hüquqşünas (new),Unibank,2019-01-08,2019-02-07
HR and Payroll Specialist (new),Caspian Entertainment Company LLC - Pasha Holding Groups,2019-01-08,2019-02-07
Call Center Operator (new),Şirin Su,2019-01-08,2019-02-07
Front Ofis Koordinatoru (new),Code Academy,2019-01-08,2019-02-07
Incoming Tour Manager (new),Exclusive and İnnovative E-Commerce Project in Azerbaijan,2019-01-08,2019-02-07
Marketinq menecer (İT məhsulları sahəsi üzrə) (new),AEM Elektron,2019-01-08,2019-02-07
Texnik (new),Komtec LTD,2019-01-08,2019-02-07
Продавец-консультант (new),ASBC LLC - Apple business partner in Azerbaijan,2019-01-08,2019-02-07
Network Administrator (new),FINCA Azerbaijan LLC,2019-01-08,2019-02-07
Mühasib (new),BSC Consulting & Outsourcing Company,2019-01-08,2019-02-07
Housekeeping manager (new),Company,2019-01-08,2019-02-07
Satış müdiri (new),Veysəloğlu Şirkətlər Qrupu,2019-01-08,2019-02-07
Operator - Koordinator (new),Logist LLC,2019-01-08,2019-02-07
Kassir-satıcı (new),AEM Elektron,2019-01-07,2019-02-06
Brand/Store Manager (new),Brunello Cucinelli,2019-01-07,2019-02-06
Security Guard (Female) (new),Optimal Electronics LLC,2019-01-07,2019-02-06
Satış nümayəndəsi (Ağır texnikalar/mühərrik yağları) (new),Grand Motors,2019-01-07,2019-02-06
"Mağaza müdiri (Bakı, Sumqayıt, Lənkəran və Gəncə şəhərləri üzrə) (new)",ARÇELIK ticarət markasının rəsmi distribyutoru,2019-01-07,2019-02-06
Marketinq meneceri (new),Veysəloğlu Şirkətlər Qrupu,2019-01-07,2019-02-06
İT texnik (Helpdesk) (new),Veysəloğlu Şirkətlər Qrupu,2019-01-07,2019-02-06
Social Media Copywriter (new),Optimal Electronics LLC,2019-01-07,2019-02-06
Mühasibatlıq şöbəsinin müdiri (new),Buxar Mühəndislik,2019-01-07,2019-02-06
Sürücü (new),ARÇELIK ticarət markasının rəsmi distribyutoru,2019-01-07,2019-02-06
General Manager in Dormitory (new),Univerium Tələbə Şəhərciyi,2019-01-07,2019-02-06
Системный администратор (new),AccessBank,2019-01-07,2019-02-06
Sales Manager in Tourism (new),Company,2019-01-07,2019-02-06
"Daxili nəzarət mütəxəssisi ( Qazax, Tovuz, Salyan rayonları və Mingəçevir şəhəri ) (new)",Veysəloğlu Şirkətlər Qrupu,2019-01-07,2019-02-06
Mühasib ( Kürdəmir ) (new),SM Agro MMC,2019-01-07,2019-02-06
Satıcı konsultant ( qadın ) (new),Bio Market,2019-01-07,2019-02-06
Dizayner (İnteryer) (new),Beyaz Falez Home,2019-01-07,2019-02-06
Sales Specialist (new),Headstart International,2019-01-07,2019-02-06
Инженер по электронным системам безопасности (new),A+A Security,2019-01-07,2019-02-06
İcarə meneceri (new),AF Holding,2019-01-07,2019-02-06
İngilis dili müəllimi (new),Celt Colleges,2019-01-07,2019-02-06
Corporate Governance Manager (new),Company,2019-01-07,2019-02-06
Mağaza inzibatçısı (Elektronika) (new),Optimal Electronics LLC,2019-01-07,2019-02-06
C++ Proqramçı (new),ITSolutions LLC,2019-01-07,2019-02-06
Texnik (new),Modenis LLC,2019-01-07,2019-02-06
Aviakassir və tur menecer (new),First Class Travel,2019-01-07,2019-02-06
Müştəri təmsilçisi (İT məhsullarının satışı üzrə) (new),AEM Elektron,2019-01-07,2019-02-06
IELTS/General English instructor (Urgent ) (new),Headstart International,2019-01-07,2019-02-06
"Satış məsləhətçisi (Bakı, Tovuz, Şəki, Şirvan şəhərləri üzrə ) (new)",ARÇELIK ticarət markasının rəsmi distribyutoru,2019-01-07,2019-02-06
Администратор Баз Данных (new),AccessBank,2019-01-07,2019-02-06
Ofis Meneceri (new),Developia Engineering Academy,2019-01-07,2019-02-06
Call Center operator ( Xanım ) (new),Company,2019-01-07,2019-02-06
Operation Director of Exclusive and Innovative E-Commerce Project (new),E-Commerce Project,2019-01-07,2019-02-06
Air System Conditioning APM (new),Electronics Company,2019-01-07,2019-01-31
Sales Adviser (new),PUMA,2019-01-07,2019-02-06
Təchizat üzrə Aparıcı Mütəxəssis (new),Boldex LLC,2019-01-07,2019-02-06
Biznes məhsullarının satışı şöbəsinin mütəxəssisi (new),Nikoil Bank,2019-01-07,2019-02-06
Qrafik Dizayner (new),Kontakt Home,2019-01-07,2019-02-06
Müştərilərə xidmət şöbəsinin təmsilçisi (Call Center) (new),Modenis LLC,2019-01-07,2019-02-06
Satıcı konsultant ( kişi ) (new),Bio Market,2019-01-07,2019-02-06
Leading Procurement Specialist (new),Azərşəkər LLC,2019-01-07,2019-02-06
Bakı şəhəri üzrə tibbi nümayəndə (new),Humana AZ,2019-01-07,2019-02-06
Kompüter satışı üzrə koordinator (new),ARÇELIK ticarət markasının rəsmi distribyutoru,2019-01-07,2019-02-06
Resepşn (new),PASHA Life,2019-01-07,2019-02-06
Sahə mühəndisi (new),Buxar Mühəndislik,2019-01-07,2019-02-06
Mühasib (new),Kristal Abşeron MTK,2019-01-07,2019-02-06
Mühasib (new),Optimal Electronics LLC,2019-01-07,2019-02-06
İR üzrə kiçik mütəxəssis (new),Molbulak,2019-01-07,2019-02-06
Сетевой администратор (new),AzEduNet LLC,2019-01-07,2019-02-06
Help Desk Specialist (new),Borusan CAT Azerbaijan,2019-01-07,2019-02-06
IELTS / General English müəllimi (new),British Centre Azerbaijan,2019-01-07,2019-02-06
Специалист IT безопасности (new),AccessBank,2019-01-07,2019-02-06
Usta ( servis mərkəzi ) (new),ARÇELIK ticarət markasının rəsmi distribyutoru,2019-01-07,2019-02-06
Brand Manager (Fashion and Clothing) (new),M&Co store by Optimal Elektronika LLC,2019-01-07,2019-02-06
Tibb avadanlıqlarının təmiri üzrə mütəxəssis (new),Company,2019-01-07,2019-02-06
Помощник Флориста (new),Peony Flowers Boutique,2019-01-07,2019-02-06
Офис Менеджер (new),Beat Group,2019-01-07,2019-02-06
Warehouse Manager (new),Tobacco Company,2019-01-05,2019-01-19
"Freelancer Business Development Manager in Energy, Oil and Gas, Mining and Construction Sector (new)",Module Caspi Industrial Solution,2019-01-05,2019-02-04
Freelancer Business Development Manager in IT Sector (new),Module Caspi Industrial Solution,2019-01-05,2019-02-04
Marketing & Sales Manager (new),Industrial Supply & Services Company LTD,2019-01-05,2019-02-04
Korporativ Satış mütəxəssisi (new),189 Taxi,2019-01-04,2019-02-03
Mühasib (new),Modern Group of Companies LLC,2019-01-04,2019-02-03
Baş mühasib (new),Company,2019-01-04,2019-02-03
Mərdəkan filialının Kredit şöbəsinin mütəxəssisi (new),Xalq Bank,2019-01-04,2019-02-03
Back-end developer (new),Bank Respublika ASC,2019-01-04,2019-02-03
Инженер-электронщик (по установке систем безопасности ) (new),Fire Safety Caspian Azerbaijan,2019-01-04,2019-02-03
Import Manager ( female ) (new),Fabrica,2019-01-04,2019-02-03
Chief accountant (new),Foods manfucaturing company,2019-01-04,2019-02-03
Kredit mütəxəssisi (new),Merkuri BOKT,2019-01-04,2019-02-03
İstehlak kreditləri üzrə kiçik ekspert (new),Bank of Baku,2019-01-04,2019-02-03
Construction Manager (new),SOCAR Upstream Management International LLC,2019-01-04,2019-02-03
HSEQ Manager (new),Oil & Gas Company,2019-01-04,2019-02-03
Медицинский представитель ( Астара-Масаллы-Ленкорань ) (new),Sandoz Pharmaceuticals d.d.,2019-01-04,2019-02-03
Медицинский представитель ( Шамахы-Исмаиллы-Гейчай ) (new),Sandoz Pharmaceuticals d.d.,2019-01-04,2019-02-03
Senior Merchandiser (new),Retail Group Azerbaijan,2019-01-04,2019-02-03
Стажировка (new),VTB Bank,2019-01-04,2019-02-03
Специалист по продажам (new),Haval Azerbaijan,2019-01-04,2019-02-03
Filial müdiri (Qax) (new),NBCO KredAqro,2019-01-04,2019-02-03
Mühasib (new),ŞKAZ Avto MMC ( Şkoda brendinin rəsmi distribyutoru ),2019-01-04,2019-02-03
Satış məsləhətçisi (new),GiftZone,2019-01-04,2019-02-03
Brand/Store Manager (new),Celine,2019-01-04,2019-02-03
Mərdəkan filialının Müştəri xidməti şöbəsinin mütəxəssisi (new),Xalq Bank,2019-01-04,2019-02-03
Property Assistant (new),Azerbaijan Supermarket LLC,2019-01-04,2019-02-03
Satışa dəstək üzrə Mütəxəssis (new),Office Lines LLC,2019-01-04,2019-02-03
Qonapərvərlik üzrə lider (new),McDonalds Azerbaijan LLC,2019-01-04,2019-02-03
Sr.PSCM Specialist (new),Oil & Gas Company,2019-01-04,2019-02-03
Reception (new),Steel Repair Services,2019-01-04,2019-02-03
Tibbi Nümayəndə (new),ABDI Ibrahim Ilac Sanayi ve Ticaret A.S.,2019-01-04,2019-02-03
Администратор (new),Hospitalica management,2019-01-04,2019-02-03
Медицинский представитель RX (new),Sandoz Pharmaceuticals d.d.,2019-01-04,2019-02-03
Ofis satışları şöbəsi mütəxəssisi (new),Ateshgah Sigorta,2019-01-04,2019-02-03
Maliyyə üzrə Analitik (new),Mətanət A,2019-01-04,2019-02-03
Sürücü (new),Komtec LTD,2019-01-04,2019-02-03
Procurement Senior Specialist (new),Azerconnect LLC,2019-01-04,2019-02-03
Sales Representative (new),Borusan CAT Azerbaijan,2019-01-04,2019-02-03
Начальник отдела рисков и отчётности (new),VTB Bank,2019-01-04,2019-02-03
İnformasiya təminatı şöbəsinə mütəxəssis (SQL Developer) (new),Bank Respublika ASC,2019-01-04,2019-02-03
IT Layihələri üzrə mütəxəssis (new),Agro Investments LLC,2019-01-04,2019-02-03
Technical Administrator (new),Oil & Gas Company,2019-01-04,2019-02-03
Budget and Accounting Senior Specialist (new),The Landmark Hotel Baku,2019-01-03,2019-02-02
Mühasib (new),Altus Hotel,2019-01-03,2019-02-02
HVAC sistemləri üzrə layihəçi - mühəndis (new),NewCond LLC,2019-01-03,2019-02-02
Sendviç Panellərin satışı üzrə Menecer (new),Sumgait Technologies Park LLC,2019-01-03,2019-02-02
Менеджер по продажам (new),Lalafo,2019-01-03,2019-02-02
Reception ( female ) (new),Porsche Center Baku,2019-01-03,2019-02-02
İT mütəxəssisi (new),Atlas ES MMC,2019-01-03,2019-02-02
Satış məsləhətçisi (new),Miniso LLC,2019-01-03,2019-02-02
Mechanic (Sumgayit) (new),Plant,2019-01-03,2019-01-19
Ekvayrinq şəbəkəsinə texniki dəstək şöbəsinə Texnik (new),International Bank of Azerbaijan Republic,2019-01-03,2019-02-02
Няня (new),Company,2019-01-03,2019-02-02
Домработница (new),Company,2019-01-03,2019-02-02
Events Manager (new),Iteca Caspian LLC,2019-01-03,2019-02-02
Mexanik (new),Avrora,2019-01-03,2019-02-02
Project Engineer (new),BOS Shelf LLC,2019-01-03,2019-02-02
Mühasib (new),189 Taxi,2019-01-03,2019-02-02
Associate / Audit (new),Consulting Company,2019-01-03,2019-01-19
Accounting İntern (new),Financial Chain Corporation LLC,2019-01-03,2019-02-02
Audit şöbəsinin rəhbəri (new),Company,2019-01-03,2019-02-02
Менеджер по продажам IT решений (new),Softline,2019-01-03,2019-02-02
Ofis meneceri və Direktorun köməkçisi (new),Onlayn Travel Booking company,2019-01-03,2019-02-02
Kassir (new),Miniso LLC,2019-01-03,2019-02-02
Technical Translator (new),Oil & Gas Company,2019-01-03,2019-02-02
Alüminium və mis profillərin satışı üzrə Menecer (new),Sumgait Technologies Park LLC,2019-01-03,2019-02-02
Front Office Supervisor (new),Hotel,2019-01-03,2019-02-02
Metalkonstruksiyalar üzrə satış Meneceri (new),Sumgait Technologies Park LLC,2019-01-03,2019-02-02
Document controller (for project management office) (new),Sumgait Technologies Park LLC,2019-01-03,2019-02-02
Marketing Manager (new),Porsche Center Baku,2019-01-03,2019-02-02
Tour Operator (new),World Travel,2019-01-03,2019-02-02
Reception (new),Audi Baku,2019-01-03,2019-02-02
Sales (Project) Manager (new),Iteca Caspian LLC,2019-01-03,2019-02-02
Sales Mechanical Engineer (Tendering Division) (new),Sumgait Technologies Park LLC,2019-01-03,2019-02-02
Electrician (Sumgayit) (new),Plant,2019-01-03,2019-01-19
Reception (new),Company,2019-01-03,2019-02-02
Помощница в отдел кадров (new),Toyota Center Baku,2019-01-03,2019-02-02
"Senior Sales Specialist (Metal construction, steel structure, hot galvanizing) (new)",Sumgait Technologies Park LLC,2019-01-03,2019-02-02
Mağaza direktorunun köməkçisi (new),Kontakt Home,2019-01-03,2019-02-02
1C operator (new),Zeytun Pharmaceuticals,2019-01-03,2019-02-02
Finance Reporting Specialist (new),Blue Planet Distribution LLC,2019-01-03,2019-02-02
Chief Accountant,Company,2019-01-02,2019-01-27
Специалист по продаже финансовых услуг,Invest AZ QSC,2018-12-29,2019-01-28
Инженер технической поддержки,GPS Solutions LLC,2018-12-28,2019-01-27
Mühafizəçi,Abşeron Logistika Mərkəzi,2018-12-28,2019-01-27
Junior Collector (Shopping Malls Group),PASHA Construction,2018-12-28,2019-01-27
HR Data Analyst,Sinteks Group of Companies,2018-12-28,2019-01-27
Kopirayter,Fil Agency,2018-12-28,2019-01-27
Kuryer,AGBank,2018-12-28,2019-01-27
Coating Inspector,Baku Shipyard LLC,2018-12-28,2019-01-27
Monitorinq və kredit riskləri şöbəsinin mütəxəssisi/aparıcı mütəxəssisi,Nikoil Bank,2018-12-28,2019-01-27
Satış məsləhətçisi,Baku Electronics LTD,2018-12-28,2019-01-27
Digital Marketing Specialist/Manager (depending on applicant’s experience),Company,2018-12-28,2019-01-27
Mağaza Müdiri,Baku Electronics LTD,2018-12-28,2019-01-27
Payroll Specialist,PASHA Holding,2018-12-28,2019-01-27
Transport və tur üzrə menecer,Turizm şirkəti,2018-12-28,2019-01-27
Operations Administrator – Port Baku Health Club,PASHA Construction,2018-12-28,2019-01-27
Personal Assistant (PA),Company,2018-12-28,2019-01-27
İnsan Resursları üzrə baş mütəxəssis,Baku Electronics LTD,2018-12-28,2019-01-27
Mechanical engineer,BOS Shelf LLC,2018-12-28,2019-01-27
B2B Sales Manager,Gulfstream Distribution,2018-12-28,2019-01-27
Sosial media meneceri,Fil Agency,2018-12-28,2019-01-27
Training Officer,BOS Shelf LLC,2018-12-28,2019-01-27
Bank Təhlükəsizliyi Departamentinə Mütəxəssis,Bank Respublika ASC,2018-12-28,2019-01-27
Leasing Coordinator (Shopping Malls Group),PASHA Construction,2018-12-28,2019-01-27
Satış üzrə Merçendayzer (Dekor və Tekstil Şöbəsi),Baku Electronics LTD,2018-12-28,2019-01-27
Инженер по охране труда и технике безопасности,AZZA Cake House,2018-12-28,2019-01-27
Materials Draughtsman,BOS Shelf LLC,2018-12-28,2019-01-27
Ассистент руководителя,AVIL Travel LLC,2018-12-28,2019-01-27
Material Control Specialist,Frank’s International,2018-12-28,2019-01-27
Qış təcrübə proqramı,Bank Respublika ASC,2018-12-28,2019-01-27
Менеджер по внутреннему туризму,AVIL Travel LLC,2018-12-28,2019-01-27
Təsərrüfat işləri üzrə mütəxəssis,Autolux Azerbaijan LLC,2018-12-27,2019-01-26
Razval və Balanslaşdırma ustası,Autolux Azerbaijan LLC,2018-12-27,2019-01-26
Mühasib,AZM Trading MMC,2018-12-27,2019-01-26
Kargüzarlıq şöbəsinin mütəxəssisi,Ateshgah Sigorta,2018-12-27,2019-01-26
Менеджер бутика,Gəlinim Weddıng Boutıque,2018-12-27,2019-01-26
Xadimə,Metak,2018-12-27,2019-01-26
"Masallı, Cəlilabad filialları üzrə menecer",Para BOKT,2018-12-27,2019-01-26
1C proqramist,Grand Motors,2018-12-27,2019-01-26
Специалист по контролю качаства,189 Taxi,2018-12-27,2019-01-26
Qrafik Dizayn üzrə Təcrübə proqramı,ATL Consulting,2018-12-27,2019-01-26
Technical Specialist/Program Officer,Counterpart International,2018-12-27,2019-01-26
Marketing mütəxəssisi,Autolux Azerbaijan LLC,2018-12-27,2019-01-26
Satış Məsləhətçisi,Kontakt Home,2018-12-27,2019-01-26
Direktor köməkçisi,Autolux Azerbaijan LLC,2018-12-27,2019-01-26
Coffee lady (çayçı),Metak,2018-12-27,2019-01-26
Translator,KPMG Azerbaijan,2018-12-27,2019-01-26
Şəbəkənin və sistemlərin idarəedilməsi şöbəsinin mütəxəssisi,Ateshgah Sigorta,2018-12-27,2019-01-26
Süd məhsullarının istehsalı üzrə texnoloq,ABTC MMC,2018-12-26,2019-01-25
Procurement Specialist,Star Mining LLC,2018-12-26,2019-01-25
Təmizləyici - Ofis,The Landmark Hotel Baku,2018-12-26,2019-01-25
E - Marketing Coordinator/ Admin,TWI,2018-12-26,2019-01-25
İT departamentinin Proqramlaşdırma şöbəsinə mütəxəssis,Azərpoçt,2018-12-26,2019-01-25
Tender məsələləri üzrə mütəxəssis,International Bank of Azerbaijan Republic,2018-12-26,2019-01-25
Финансовый аналитик,Molbulak,2018-12-26,2019-01-25
IT PMO Division Manager / IT & Guest Experience Management Department,Azerbaijan Tourism Board,2018-12-26,2019-01-25
Baş mühasib,Eurostar Group,2018-12-26,2019-01-25
Kadrlar üzrə baş mütəxəssis,Eurostar Group,2018-12-26,2019-01-25
İT departamentinin Proqramlaşdırma şöbəsinə Aparıcı / Baş mütəxəssis,Azərpoçt,2018-12-26,2019-01-25
Sürücü,Kontakt Home,2018-12-26,2019-01-25
Супервайзер/менеджер,Evrostar Cleaning,2018-12-26,2019-01-25
Представитель Бренда (Электроника),Optimal Electronics LLC,2018-12-26,2019-01-25
Waiter,Excelsior Hotel & SPA Baku,2018-12-26,2019-01-25
Ofis Meneceri,Company,2018-12-26,2019-01-25
Training Coordinator/ Admin,TWI,2018-12-26,2019-01-25
Lawyer,Absheron Hotel Group,2018-12-26,2019-01-25
Online shopping coordinator,ASE Asya Afrika Hızlı Kargo ve Dağıtım AS.,2018-12-26,2019-01-25
Sağlamlıq üzrə mütəxəssis,Premium Transport MMC,2018-12-26,2019-01-25
Hüquqşünas,Molbulak,2018-12-26,2019-01-25
Менеджер по Продажам медицинского оборудования,BTL Azerbaijan,2018-12-26,2019-01-25
Medical Advisor / Medical Science Liaison,Novartis,2018-12-26,2019-01-25
Finance Director,Company,2018-12-26,2019-01-25
Construction coordinator,Vertex LLC,2018-12-26,2019-01-25
Оператор call-центра,Avand Technology,2018-12-26,2019-01-25
Kids Club Instructor,Azerbaijan Supermarket LLC,2018-12-25,2019-01-24
Fabrication Scheduler/Planner,Sumgait Technologies Park LLC,2018-12-25,2019-01-24
Müştəri Əlaqələri üzrə İşçi ( MƏİ ),FINCA Azerbaijan LLC,2018-12-25,2019-01-24
Kredit Yoxlanışı üzrə İşçi (KYİ),FINCA Azerbaijan LLC,2018-12-25,2019-01-24
Spa Receptionist – Female,Excelsior Hotel & SPA Baku,2018-12-25,2019-01-24
Lead Costing Engineer,Sumgait Technologies Park LLC,2018-12-25,2019-01-24
Aqronom ( Kürdəmir ),SM Agro MMC,2018-12-25,2019-01-24
Operator,Seylab Su,2018-12-25,2019-01-24
Müştəri Əlaqələri üzrə İşçi ( MƏİ ),FINCA Azerbaijan LLC,2018-12-25,2019-01-24
Mühasib,Ekvita LLC,2018-12-25,2019-01-24
Machining Plant Coordinator,Sumgait Technologies Park LLC,2018-12-25,2019-01-24
"Destination Management Organisation Director, Quba Office",Azerbaijan Tourism Board,2018-12-25,2019-01-24
SƏTƏM üzrə müfəttiş,Sumgait Technologies Park LLC,2018-12-25,2019-01-24
Aparıcı mühasib,Optimal Electronics LLC,2018-12-25,2019-01-24
Kids Club Supervisor,Azerbaijan Supermarket LLC,2018-12-25,2019-01-24
Accountant (Temporary 6-8 months),Oil & Gas Company,2018-12-25,2019-01-24
Mühasib,AF Holding,2018-12-25,2019-01-24
Brend təmsilçisi (Elektronika üzrə),Optimal Electronics LLC,2018-12-25,2019-01-24
Senior Tax Accountant,Fashion Retail Company,2018-12-25,2019-01-24
"SƏTƏM və KN departamenti, Keyfiyyətə nəzarət üzrə müfəttiş",Sumgait Technologies Park LLC,2018-12-25,2019-01-24
Rus dili müəllimi - İbtidai sinif və məktəbəqədər müəllimi (Rus bölməsi üçün).,Panda School,2018-12-25,2019-01-24
Head of risk reporting division,VTB Bank,2018-12-25,2019-01-24
Ekspeditor,Seylab Su,2018-12-25,2019-01-24
Домашняя работница,Company,2018-12-25,2019-01-24
Content Intern,Digerati,2018-12-25,2019-01-24
Mühasib,DA şirkətlər qrupu,2018-12-25,2019-01-24
Dizayner,Avrora,2018-12-25,2019-01-24
Logistika üzrə mütəxəssis,SAF Pharma LLC,2018-12-25,2019-01-24
Əlaqə mərkəzi şöbəsinin kiçik mütəxəssisi,PASHA Life,2018-12-24,2019-01-23
Arxiv işləri üzrə köməkçi,FINCA Azerbaijan LLC,2018-12-24,2019-01-23
ExpressClub layihəsinin inkişafı bölməsi / müdir,Express Bank,2018-12-24,2019-01-23
"Mağaza inzibatçısı (Lənkəran, Qazax, Bakı)",Optimal Electronics LLC,2018-12-24,2019-01-23
Technical Administrator,Rapid Solutions,2018-12-24,2019-01-23
Тур менеджер,Fly.az MMC,2018-12-24,2019-01-23
Mikrobioloq,A+Co MMC,2018-12-24,2019-01-23
İnsan Resursları Departamentində Təcrübə Proqramı,Optimal Electronics LLC,2018-12-24,2019-01-23
Audio Visual/Video conferencing Engineer,PITS LLC,2018-12-24,2019-01-16
Sales Manager (Retail),Gilan Holding,2018-12-24,2019-01-23
Senior Reporting Specialist,SOCAR Polymer,2018-12-24,2019-01-23
Service Manager,VMF,2018-12-24,2019-01-23
Marketinq mütəxəssisi,Auto Azərbaycan MMC,2018-12-24,2019-01-23
Reception,City Point Baku,2018-12-24,2019-01-23
Tur meneceri,Sulh Travel,2018-12-24,2019-01-23
İnfrastruktur koordinatoru,FINCA Azerbaijan LLC,2018-12-24,2019-01-23
Accountant,Hotel,2018-12-24,2019-01-23
Hesablaşmalar üzrə Mühasib,Nurgun Holding,2018-12-24,2019-01-23
Trade Marketing Specialist,Engin Ltd,2018-12-24,2019-01-23
Baş mühasib,Almet ASC,2018-12-24,2019-01-23
Contracts Specialist,URBN Limited,2018-12-24,2019-01-23
Satış meneceri,Smartek,2018-12-24,2019-01-23
Account Manager,New Media,2018-12-24,2019-01-23
Şamaxı filialı üzrə menecer,Para BOKT,2018-12-24,2019-01-23
Drilling Systems Sales Engineer,Cameron,2018-12-24,2019-01-23
Travel Coordinator,Orbit Group,2018-12-24,2019-01-23
HSE Team Administrator,SOCAR Polymer,2018-12-24,2019-01-23
Anbardar,Almet ASC,2018-12-24,2019-01-23
"Specialist, Student Academic Support Services (SASS)",ADA University,2018-12-24,2019-01-23
Physics Teacher ( International Stream ),Heydər Əliyev adına Müasir Təhsil Kompleksi,2018-12-21,2019-01-20
Direktor Assistenti,Logistik Şirkət,2018-12-21,2019-01-20
Satıcı - konsultant,Sabah Group LLC,2018-12-21,2019-01-20
İri Korporativ Müştərilərin Kreditləşməsi Şöbəsinə maliyyə təhlili üzrə təcrübəçi,International Bank of Azerbaijan Republic,2018-12-21,2019-01-20
Ümumi işlər üzrə köməkçi,Azerbaijan Poultry Company,2018-12-21,2019-01-20
Manufacturing Engineer,AGA Group,2018-12-21,2019-01-20
1C Admin,Antaris,2018-12-21,2019-01-20
Restaurant Supervisor,"Fairmont Baku, Hotels & Residences",2018-12-21,2019-01-20
Mağaza meneceri / Fashion Retail,NOVCO Group of Companies,2018-12-21,2019-01-20
AHPEA üçün fındıqçılıq üzrə maşın və avadanlığın satınalınması məqsədi ilə tender,CNFA,2018-12-21,2019-01-20
Sales director,Fayton LTD,2018-12-21,2019-01-20
Mühəndis,Halal-P,2018-12-21,2019-01-20
İngilis dili müəllimi,British Centre Azerbaijan,2018-12-21,2019-01-20
Chief Engineer - Manufacturing,AGA Group,2018-12-21,2019-01-20
Riyaziyyat müəllimi ( Azərbaycan bölməsi ),Heydər Əliyev adına Müasir Təhsil Kompleksi,2018-12-21,2019-01-20
General English və IELTS müəllimi,British Academy,2018-12-21,2019-01-20
Hostess,Quba Palace Hotel,2018-12-21,2019-01-20
Welding Engineer,AGA Group,2018-12-21,2019-01-20
1С Программист,CRM Group LLC,2018-12-21,2019-01-20
Maliyyə Meneceri,Antaris,2018-12-21,2019-01-20
Pastry Chef,"Fairmont Baku, Hotels & Residences",2018-12-21,2019-01-20
Civil Engineer,AGA Group,2018-12-21,2019-01-20
Marketing & PR Specialist,Headstart International,2018-12-21,2019-01-20
Business Intelligence Specialist,NAR,2018-12-21,2019-01-20
Məhkəmə qərarlarının icrası ilə bağlı mütəxəssis,Rəvan Sığorta ASC,2018-12-21,2019-01-20
Architect (Retail Development),PASHA Construction,2018-12-21,2019-01-20
Accountant,Financial Chain Corporation LLC,2018-12-21,2019-01-20
Assistant Brand Manager,VMF,2018-12-21,2019-01-20
Mechanical Engineer,AGA Group,2018-12-21,2019-01-20
Senior Contracts / Procurement Specialist,WorleyParsons,2018-12-21,2019-01-20
Satış təmsilçisi,Rəvan Sığorta ASC,2018-12-21,2019-01-20
Sürücü,PAŞA Sığorta,2018-12-21,2019-01-20
Anbardar,Grand Motors,2018-12-20,2019-01-19
Designer,Zenith Optimedia,2018-12-20,2019-01-19
Clerk (Accounts Payable team),PASHA Construction,2018-12-20,2019-01-19
Accountant,PASHA Construction,2018-12-20,2019-01-19
Tibbi yardımın təşkili şöbəsinin mütəxəssisi,Ateshgah Sigorta,2018-12-20,2019-01-19
Dizayner (Modelyer),Beyaz Falez Home,2018-12-20,2019-01-19
Purchasing Agent-Full Performance Level (FSN-7/ FP-7),US Embassy,2018-12-20,2019-01-19
Operator,Hajigabul Greenhouse MMC,2018-12-20,2019-01-19
Məhkəmə işləri üzrə hüquqşünas,FINCA Azerbaijan LLC,2018-12-20,2019-01-19
Seramika satışı üzrə menecer,Santral,2018-12-20,2019-01-19
Bellboy,Winter Park Hotel Baku,2018-12-20,2019-01-19
Accountant (Construction Support Group),PASHA Construction,2018-12-20,2019-01-19
Səhiyyə siyasəti və kliniki kodlaşdırma şöbəsinin mütəxəssisi,İcbari Tibbi Sığorta üzrə Dövlət Agentliyi,2018-12-20,2019-01-19
Intern (Finance & Accounting Department),PASHA Construction,2018-12-20,2019-01-19
Lead Process Safety Engineer(Head of Discipline),WorleyParsons,2018-12-20,2019-01-19
Katibə-referent,Nurgun Holding,2018-12-20,2019-01-19
СММ Менеджер,Velure Beauty Center,2018-12-20,2019-01-19
Purchasing Agent-Trainee Level (FSN-6/ FP-8),US Embassy,2018-12-20,2019-01-19
Texniki xidmət qrupunun texniki,Komtec LTD,2018-12-20,2019-01-19
Purchasing Agent-Substitution of Experience for Education,US Embassy,2018-12-20,2019-01-19
Satış məsləhətçisi (Geyim),M&Co store by Optimal Elektronika LLC,2018-12-20,2019-01-19
Ведущий специалист отдела анализа рисков,VTB Bank,2018-12-20,2019-01-19
Senior Tax Manager,PricewaterhouseCoopers Azerbaijan,2018-12-20,2019-01-19
Procurement assistant (male candidate),Blue Planet Distribution LLC,2018-12-20,2019-01-19
Event Coordinator (Shopping Malls Group),PASHA Construction,2018-12-20,2019-01-19
Clerk (Accounts Receivable team),PASHA Construction,2018-12-20,2019-01-19
Böyük hüquqşünas,FINCA Azerbaijan LLC,2018-12-20,2019-01-19
Creative director,Zenith Optimedia,2018-12-20,2019-01-19
Junior Accountant,Local dealership company,2018-12-20,2019-01-19
Korporativ satış şöbəsinin mütəxəssisi,Ateshgah Sigorta,2018-12-20,2019-01-19
CRT (Casing Running Tool) Technician,Frank’s International,2018-12-20,2019-01-19
Satış mütəxəssisi,AAC MMC,2018-12-20,2019-01-19
Biznesin İnkişafı üzrə Menecer,NBCO KredAqro,2018-12-20,2019-01-19
Various positions,PASHA Inshaat LLC,2018-12-20,2019-01-19
Менеджер по продажам Lalafo,Lalafo,2018-12-19,2019-01-18
Head of QHSE Department,Sumgait Technologies Park LLC,2018-12-19,2019-01-18
General English instructor,Dərs Evi,2018-12-19,2019-01-18
Satış mütəxəssisi,Evimiz,2018-12-19,2019-01-18
Region üzrə Logistika Koordinatoru ( Gəncə və Bərdə Filialı ),Avrora,2018-12-19,2019-01-18
Менеджер по работе с ключевыми клиентами,Lalafo,2018-12-19,2019-01-18
Database Reporting Developer,FINCA Azerbaijan LLC,2018-12-19,2019-01-18
Planning Engineer,Company,2018-12-19,2019-01-18
Korporativ Satış Meneceri,ABV Limitet,2018-12-19,2019-01-18
Korporativ satış mütəxəssisi,Point Agency,2018-12-19,2019-01-18
Housekeeping Supervisor,Hilton Baku,2018-12-19,2019-01-18
Mühasib,UHY Azaudit,2018-12-19,2019-01-18
Промоутер,Company,2018-12-19,2019-01-18
Hüquqşünas köməkçisi,Molbulak,2018-12-19,2019-01-18
Mühasib köməkçisi,UHY Azaudit,2018-12-19,2019-01-18
Sığorta hadisələri şöbəsinin kiçik mütəxəssisi,PASHA Life,2018-12-19,2019-01-18
"Problemli kreditlərlə iş departamenti, Məhkəmələrlə iş şöbəsinin hüquqşünası",TuranBank ASC,2018-12-19,2019-01-18
PR Menecer,Kontakt Home,2018-12-19,2019-01-18
İşə qəbul üzrə mütəxəssis,Avrora,2018-12-19,2019-01-18
Mechanic Level 2,Frank’s International,2018-12-19,2019-01-18
Водитель/Курьер,Peony Flowers Boutique,2018-12-19,2019-01-18
"Executive Assistant, Business Support Services",EY Baku office,2018-12-19,2019-01-18
Financial Management Analyst,US Embassy,2018-12-19,2019-01-18
B2B satış meneceri,Cubics Technology MMC,2018-12-19,2019-01-18
Administrative Assistant,CaspianSAT,2018-12-18,2019-01-17
1C Proqramlaşdırılması üzrə təcrübəçi,U and R Company,2018-12-18,2019-01-17
HR Coordinator,BOS Shelf LLC,2018-12-18,2019-01-17
HSE Lead,BOS Shelf LLC,2018-12-18,2019-01-17
Mühəndis,Otel,2018-12-18,2019-01-17
Help desk (IT texnik),Agro-West DC LLC,2018-12-18,2019-01-17
Əməliyyat şöbəsinə mütəxəssis,Xalq Həyat Sığorta şirkəti,2018-12-18,2019-01-17
Инженер – проектировщик по водоснабжению и канализации,Gidrotransproekt ETM,2018-12-18,2019-01-17
Planning & Progress Estimator and Surveyor,BOS Shelf LLC,2018-12-18,2019-01-17
"QHSE manager, engineer",Evrascon ASC,2018-12-18,2019-01-17
Planning engineer,Evrascon ASC,2018-12-18,2019-01-17
Bellman/ Driver,JW Marriott Absheron Baku,2018-12-18,2019-01-17
Network Security Engineer,Softline,2018-12-18,2019-01-17
Debitorlar və Kreditorlar üzrə Mühasib,Avrora,2018-12-18,2019-01-17
Metal Constructions Fitter/ Metal Konstruksiyaların Quraşdırılması üzrə Quraşdırıcı,BOS Shelf LLC,2018-12-18,2019-01-17
Manual Metal Arc Welder/ Əl ilə qaynaq aparan elektrik qaynaqçısı,BOS Shelf LLC,2018-12-18,2019-01-17
Bid manager (Head of Tender department),Evrascon ASC,2018-12-18,2019-01-17
Concierge,JW Marriott Absheron Baku,2018-12-18,2019-01-17
Leiter/in Abteilung Dienstleistungen,Deutsch-Aserbaidschanische Auslandshandelskammer,2018-12-18,2019-01-17
Procurement assistant,Grand Motors,2018-12-18,2019-01-17
Komputer mühəndisi,Developia Engineering Academy,2018-12-18,2019-01-17
Project Manager,GPS Solutions LLC,2018-12-18,2019-01-17
Korporativ satış şöbəsinin mütəxəssisi,Xalq Həyat Sığorta şirkəti,2018-12-18,2019-01-17
Rigger/Qoşucu,BOS Shelf LLC,2018-12-18,2019-01-17
İT layihələrinin idarəedilməsi üzrə menecer,Goldenpay,2018-12-18,2019-01-17
Head of Procurement,AS Inshaat-N LLC,2018-12-18,2019-01-17
Senior Document Controller,BOS Shelf LLC,2018-12-18,2019-01-17
Mühasib,Xalq Həyat Sığorta şirkəti,2018-12-18,2019-01-17
Jurist,Evrascon ASC,2018-12-18,2019-01-17
Software Developer,Kibrit,2018-12-18,2019-01-17
Hüquqşünas,Xalq Həyat Sığorta şirkəti,2018-12-18,2019-01-17
Document Controller / Sənədlərə nəzarətçi,BOS Shelf LLC,2018-12-18,2019-01-17
Contract manager,Evrascon ASC,2018-12-18,2019-01-17
Welding Engineer/ Qaynaq üzrə mühəndis,BOS Shelf LLC,2018-12-18,2019-01-17
"IFRS Manager for Finance management Department, Reporting division",Kapital Bank,2018-12-18,2019-01-17
Cost Controller,BOS Shelf LLC,2018-12-18,2019-01-17
Material Controller/ Materiallar üzrə nəzarətçi,BOS Shelf LLC,2018-12-18,2019-01-17
Təkrarsığorta və anderrayter,Xalq Həyat Sığorta şirkəti,2018-12-18,2019-01-17
Biznesin inkişafı departamenti/Direktor,Express Bank,2018-12-18,2019-01-17
Менеджер по продажам,Bakucity.az,2018-12-18,2019-01-17
İnformasiya və texnologiyalar üzrə mütəxəssis,Xalq Həyat Sığorta şirkəti,2018-12-18,2019-01-17
Contract Administrator,BOS Shelf LLC,2018-12-18,2019-01-17
Проектировщик по CCTV+пожарная сигнализация,Gidrotransproekt ETM,2018-12-18,2019-01-17
Hotel manager,Hotel,2018-12-18,2019-01-17
HR Officer/İnsan resursları üzrə mütəxəssis,BOS Shelf LLC,2018-12-18,2019-01-17
Mechanic (Chief Mechanical Engineer ),Evrascon ASC,2018-12-18,2019-01-17
Sığorta hadisələrinin tənzimlənməsi üzrə mütəxəssis,Xalq Həyat Sığorta şirkəti,2018-12-18,2019-01-17
Администратор Баз Данных,AccessBank,2018-12-18,2019-01-17
IT sales assistant,Softline,2018-12-18,2019-01-17
Executive Assistant to CEO,Polistar Boya,2018-12-18,2019-01-17
Satış mütəxəssisi,AAC MMC,2018-12-18,2019-01-17
Junior Accountant (Accounts Receivable),BDO Azerbaijan LLC,2018-12-18,2019-01-17
Finance Reporting Specialist,Blue Planet Distribution LLC,2018-12-17,2019-01-16
İnkassator və sürücü,Para BOKT,2018-12-17,2019-01-16
Senior Accountant,BDO Azerbaijan LLC,2018-12-17,2019-01-16
Keyfiyyətə Nəzarət Köməkçisi,Əjdaha MMC,2018-12-17,2019-01-16
Кассир-консультант,Egoist cafe & şiriyyat,2018-12-17,2019-01-16
Cost Analyst,Hydroserv Caspian,2018-12-17,2019-01-16
Kargüzar,Bayramli Group,2018-12-17,2019-01-16
Piyada Kuryer,Əjdaha MMC,2018-12-17,2019-01-16
Satınalma meneceri,Bayramli Group,2018-12-17,2019-01-16
Mенеджер по маркетингу Lalafo,Lalafo,2018-12-17,2019-01-16
Polşada müxtəlif işlər,Limitless Academy,2018-12-17,2019-01-16
Anbar koordinatoru,Baku Electronics LTD,2018-12-17,2019-01-16
Texniki işlər üzrə koordinator ( Şamaxı şəhəri ),Enginet LLC,2018-12-17,2019-01-16
Qəssab,Əjdaha MMC,2018-12-17,2019-01-16
Klaster və klasterləşmə üzrə mütəxəssis,Yerli İdarəetməyə Yardım İctimai Birliyi,2018-12-17,2019-01-16
Komputer operatoru,Sirab ASC,2018-12-17,2019-01-16
Satış Meneceri,Əjdaha MMC,2018-12-17,2019-01-16
"Sales Support Division, Sales analyst",Sumgait Technologies Park LLC,2018-12-17,2019-01-16
Əməliyyatçı,Sirab ASC,2018-12-17,2019-01-16
Sales Marketing Manager,Dalga Beach Aquapark,2018-12-17,2019-01-16
Front office clerk,Selective Hotels& Resorts Suisse-Azerbaijan,2018-12-17,2019-01-16
HR Administrator,BDO Azerbaijan LLC,2018-12-17,2019-01-16
Call Center Operator,Varidat Consulting Company,2018-12-17,2019-01-16
Satış üzrə məsləhətçi,Libraff MMC,2018-12-17,2019-01-16
Payroll Accountant,BDO Azerbaijan LLC,2018-12-17,2019-01-16
Azəbaycan dili və Ədəbiyyat müəllimi ( Beynəlxalq bölmə ),Heydər Əliyev adına Müasir Təhsil Kompleksi,2018-12-17,2019-01-16
Data Analyst,166 Yükdaşıma və Logistika,2018-12-17,2019-01-16
Merçendayzer,Sirab ASC,2018-12-17,2019-01-16
Xadimə,Əjdaha MMC,2018-12-17,2019-01-16
Baş Mühasib,Balaxanı Sənaye Parkı,2018-12-17,2019-01-16
Marketinq və biznes inkişafı üzrə mütəxəssis,Yerli İdarəetməyə Yardım İctimai Birliyi,2018-12-17,2019-01-16
İncoming Manager,Caspian Housing and Travel,2018-12-17,2019-01-16
İngilis dili müəllimi,Celt Kids Elmlər,2018-12-17,2019-01-16
Satış meneceri,Bayramli Group,2018-12-17,2019-01-16
Kabel məhsullarının satışı üzrə Menecer,Sumgait Technologies Park LLC,2018-12-17,2019-01-16
Kassir,Əjdaha MMC,2018-12-17,2019-01-16
Ofis menecer,Smartek,2018-12-17,2019-01-16
Aparıcı Hüquqşünas,International Bank of Azerbaijan Republic,2018-12-17,2019-01-16
Satış təmsilçisi,Sirab ASC,2018-12-17,2019-01-16
Corporate Scrum Master,Digerati,2018-12-17,2019-01-16
Cтюарды и стюардессы,Company,2018-12-17,2019-01-16
Электронщик и техник,ABV Limitet,2018-12-17,2019-01-16
SMM-менеджер,AZZA Cake House,2018-12-17,2019-01-16
"Direktor, Metaləritmə zavodu",Sumgait Technologies Park LLC,2018-12-17,2019-01-16
Satıcı-məsləhətçi,SOFAR Group,2018-12-17,2019-01-16
Tax Accountant,BDO Azerbaijan LLC,2018-12-17,2019-01-16
Filial Meneceri,Əjdaha MMC,2018-12-17,2019-01-16
Sürücü (Yük maşını),Baku Electronics LTD,2018-12-17,2019-01-16
Аккаунт-менеджер,Lalafo,2018-12-17,2019-01-16
SPA Terapevt,Excelsior Hotel & SPA Baku,2018-12-14,2019-01-13
Xarici və daxili dəmir yol daşımaçılığı üzrə mütəxəssis / Logistika üzrə agent,AS Prof Group,2018-12-14,2019-01-13
Front end developer,PASHA Life,2018-12-14,2019-01-13
Cost Control Specialist,North West Construction,2018-12-14,2019-01-13
Certified- English Language Teachers,Washington School of Languages,2018-12-14,2019-01-13
Администратор,Hospitalica management,2018-12-14,2019-01-13
Personal Assistant,North West Construction,2018-12-14,2019-01-13
HR Specialist,North West Construction,2018-12-14,2019-01-13
Economic and Energy Officer,British Embassy,2018-12-14,2019-01-13
Vergi uçotu üzrə aparıcı mütəxəssis,Veysəloğlu Şirkətlər Qrupu,2018-12-14,2019-01-13
Texniki xidmət üzrə aparıcı mütəxəssis – auditor,Silk Way Helicopter Services,2018-12-14,2019-01-13
Quantity Surveyor,North West Construction,2018-12-14,2019-01-13
İqtisadçı-Mühasib,Bona Dea Beynəlxalq Hospitalı,2018-12-14,2019-01-13
IT Support Technician,Rapid Solutions,2018-12-14,2019-01-13
Back-end developer,Bank Respublika ASC,2018-12-14,2019-01-13
Менеджер по ИТ,AZZA Cake House,2018-12-14,2019-01-13
Tornaçı (5-6 dərəcəli),Metak,2018-12-14,2019-01-13
Hesab üzrə mütəxəssis (Sumqayıt filialı),Bank Respublika ASC,2018-12-14,2019-01-13
Warehouse System Operator,North West Construction,2018-12-14,2019-01-13
Ümumi İşlər üzrə Mütəxəssis,Kəngərli Və Partnyorları Vəkil Bürosu,2018-12-14,2019-01-13
"Fənn və ibtidai sinif müəllimləri, tyutorlar",Təhsil Kompleksi-Lənkəran,2018-12-14,2019-01-13
QA/QC Fit-Out Civil Engineer,North West Construction,2018-12-14,2019-01-13
PA / Operator at Sangachal Terminal,Company,2018-12-14,2019-01-13
Hüquq departamentinin direktoru,PASHA Life,2018-12-14,2019-01-13
General English və IELTS müəllimi,Think Wise Education Colsulting,2018-12-14,2019-01-13
İnşaat mühəndisi,Ramco LLC,2018-12-14,2019-01-13
Biznes kredit riskləri şöbəsinin mütəxəssisi/aparıcı mütəxəssisi/baş mütəxəssisi,Nikoil Bank,2018-12-14,2019-01-13
Продакт Менеджер,Nobel Ilac,2018-12-14,2019-01-13
Çörəkçi (Entree Azərbaycan MMC),Veysəloğlu Şirkətlər Qrupu,2018-12-14,2019-01-13
"Biznesin İnkişafı Departamenti, Strateji Planlaşma Şöbəsinə baş mütəxəssis",TuranBank ASC,2018-12-14,2019-01-13
Техник-электронщик,ABV Limitet,2018-12-14,2019-01-13
Satış üzrə mütəxəssis,Azlocation MMC,2018-12-14,2019-01-13
Office Manager,Cobalt Architecture and Design MMC,2018-12-14,2019-01-13
Aşbaz-universal,Restoran,2018-12-14,2019-01-13
Planning Engineer,North West Construction,2018-12-14,2019-01-13
Technical Office Engineer,North West Construction,2018-12-14,2019-01-13
Keyfiyyət və təhlükəsizlik üzrə menecer,Silk Way Helicopter Services,2018-12-14,2019-01-13
Rəqəmsal bankçılıq üzrə analitik,Bank Respublika ASC,2018-12-14,2019-01-13
Planlama üzrə mütəxəssis,Horeca LLC,2018-12-14,2019-01-13
Lawyer,Oil & Gas Company,2018-12-14,2019-01-13
